alcohol,index,correction,url
chateau lafleur grangeneuve pomerol mc,https://www.wine-searcher.com/find/lafleur+pomerol+bordeaux+france,https://www.wine-searcher.com/find/lafleur+grange+neuve+pomerol+bordeaux+france,https://www.sylvies.be/en/auction/164/lot/120537?sid=6533425&rn=1091
egon muller scharzhof riesling mosel germany,https://www.wine-searcher.com/find/egon+muller+scharzhofberger+riesling+tba+wiltingen+saar+mosel+germany,https://www.wine-searcher.com/find/egon+muller+scharzhof+riesling+mosel+germany,https://auction.catawiki.com/kavels/27395621-2005-egon-m-ller-scharzhof-riesling-mosel-5-bottles-0-75l
richebourg grand cru raoul henri,https://www.wine-searcher.com/find/henri+jayer+grand+cru+richebourg+vosne+romanee+cote+de+nuit+burgundy+france,https://www.wine-searcher.com/find/raul+henri+grand+cru+richebourg+vosne+romanee+cote+de+nuit+burgundy+france,https://www.sylvies.be/en/auction/164/lot/120178?sid=6533260&rn=732
chateau marinier,https://www.wine-searcher.com/find/margaux+medoc+bordeaux+france,None,https://www.the-saleroom.com/en-gb/auction-catalogues/amersham-auction-rooms/catalogue-id-sram10029/lot-1910a502-3b72-4364-9428-a4cf00dd9718
romanee saint vivant grand cru domaine michel voarick bourgogne grand cru red wine france,https://www.wine-searcher.com/find/dom+leroy+grand+cru+romanee+st+vivant+vosne+cote+de+nuit+burgundy+france,https://www.wine-searcher.com/find/dom+michel+voarick+grand+cru+romanee+st+vivant+vosne+cote+de+nuit+burgundy+france,https://www.catawiki.com/l/30867275-1990-romanee-saint-vivant-grand-cru-domaine-michel-voarick-bourgogne-grand-cru-6-bottles-0-75l
chateau rambaud margaux,https://www.wine-searcher.com/find/margaux+medoc+bordeaux+france,None,https://auction.catawiki.com/kavels/17248475-1982-chateau-rambaud-margaux-x-1-magnum
pavillon rouge du chateau margaux nd wine ch margaux pauillac red wine france,https://www.wine-searcher.com/find/margaux+medoc+bordeaux+france,https://www.wine-searcher.com/find/pavillon+rouge+du+margaux+medoc+bordeaux+france,
pavillon blanc du chateau margaux nd wine ch margaux margaux white wine france,https://www.wine-searcher.com/find/margaux+medoc+bordeaux+france,https://www.wine-searcher.com/find/pavillon+blanc+du+margaux+bordeaux+france,
pavillon blanc de chateau margaux margaux,https://www.wine-searcher.com/find/margaux+medoc+bordeaux+france,https://www.wine-searcher.com/find/pavillon+blanc+du+margaux+bordeaux+france,
pavillon rouge du ch margaux,https://www.wine-searcher.com/find/margaux+medoc+bordeaux+france,https://www.wine-searcher.com/find/pavillon+rouge+du+margaux+medoc+bordeaux+france,
pavillon blanc margaux mc,https://www.wine-searcher.com/find/margaux+medoc+bordeaux+france,https://www.wine-searcher.com/find/pavillon+blanc+du+margaux+bordeaux+france,
chateau du margaux pavillion rouge grand cru margaux,https://www.wine-searcher.com/find/margaux+medoc+bordeaux+france,https://www.wine-searcher.com/find/pavillon+rouge+du+margaux+medoc+bordeaux+france,
pavillon rouge du chateau margaux france margaux red,https://www.wine-searcher.com/find/margaux+medoc+bordeaux+france,https://www.wine-searcher.com/find/pavillon+rouge+du+margaux+medoc+bordeaux+france,
pavillon rouge du chateau margaux nd wine of chateau margaux,https://www.wine-searcher.com/find/margaux+medoc+bordeaux+france,https://www.wine-searcher.com/find/pavillon+rouge+du+margaux+medoc+bordeaux+france,
pavillon rouge du ch margaux vintage,https://www.wine-searcher.com/find/margaux+medoc+bordeaux+france,https://www.wine-searcher.com/find/pavillon+rouge+du+margaux+medoc+bordeaux+france,
pavillon blanc du chateau margaux bordeaux white wine bordeaux france,https://www.wine-searcher.com/find/margaux+medoc+bordeaux+france,https://www.wine-searcher.com/find/pavillon+blanc+du+margaux+bordeaux+france,
pavillion rouge du chateau margaux,https://www.wine-searcher.com/find/margaux+medoc+bordeaux+france,https://www.wine-searcher.com/find/pavillon+rouge+du+margaux+medoc+bordeaux+france,
le pavillon rouge du chateau margaux,https://www.wine-searcher.com/find/margaux+medoc+bordeaux+france,https://www.wine-searcher.com/find/pavillon+rouge+du+margaux+medoc+bordeaux+france,
pavillon rouge du chateau margaux margaux vin du chateau margaux,https://www.wine-searcher.com/find/margaux+medoc+bordeaux+france,https://www.wine-searcher.com/find/pavillon+rouge+du+margaux+medoc+bordeaux+france,
pavillon rouge chateau margaux margaux,https://www.wine-searcher.com/find/margaux+medoc+bordeaux+france,https://www.wine-searcher.com/find/pavillon+rouge+du+margaux+medoc+bordeaux+france,
pavillon rouge du chateau margaux nd wine ch margaux red wine france,https://www.wine-searcher.com/find/margaux+medoc+bordeaux+france,https://www.wine-searcher.com/find/pavillon+rouge+du+margaux+medoc+bordeaux+france,
de pavillon rouge margaux,https://www.wine-searcher.com/find/margaux+medoc+bordeaux+france,https://www.wine-searcher.com/find/pavillon+rouge+du+margaux+medoc+bordeaux+france,
pavillon rouge,https://www.wine-searcher.com/find/margaux+medoc+bordeaux+france,https://www.wine-searcher.com/find/pavillon+rouge+du+margaux+medoc+bordeaux+france,
bordeaux claret pavillon rouge du chateau margaux margaux,https://www.wine-searcher.com/find/margaux+medoc+bordeaux+france,https://www.wine-searcher.com/find/pavillon+rouge+du+margaux+medoc+bordeaux+france,
chateau margaux pavillon rouge vintage red,https://www.wine-searcher.com/find/margaux+medoc+bordeaux+france,https://www.wine-searcher.com/find/pavillon+rouge+du+margaux+medoc+bordeaux+france,
pavillon rouge du chateau margaux millesime vintage margaux offert,https://www.wine-searcher.com/find/margaux+medoc+bordeaux+france,https://www.wine-searcher.com/find/pavillon+rouge+du+margaux+medoc+bordeaux+france,
chateau margaux pavillon rouge,https://www.wine-searcher.com/find/margaux+medoc+bordeaux+france,https://www.wine-searcher.com/find/pavillon+rouge+du+margaux+medoc+bordeaux+france,
pavillon rouge du chateau margaux millesime vintage,https://www.wine-searcher.com/find/margaux+medoc+bordeaux+france,https://www.wine-searcher.com/find/pavillon+rouge+du+margaux+medoc+bordeaux+france,
chateau margaux pavillon rouge margaux red wine france,https://www.wine-searcher.com/find/margaux+medoc+bordeaux+france,https://www.wine-searcher.com/find/pavillon+rouge+du+margaux+medoc+bordeaux+france,
pavillon rouge du chateau marguax,https://www.wine-searcher.com/find/margaux+medoc+bordeaux+france,https://www.wine-searcher.com/find/pavillon+rouge+du+margaux+medoc+bordeaux+france,
pavillon rouge margaux,https://www.wine-searcher.com/find/margaux+medoc+bordeaux+france,https://www.wine-searcher.com/find/pavillon+rouge+du+margaux+medoc+bordeaux+france,
pavillon rouge de chateau margaux,https://www.wine-searcher.com/find/margaux+medoc+bordeaux+france,https://www.wine-searcher.com/find/pavillon+rouge+du+margaux+medoc+bordeaux+france,
pavillon rouge du chateau margaux margaux red wine france,https://www.wine-searcher.com/find/margaux+medoc+bordeaux+france,https://www.wine-searcher.com/find/pavillon+rouge+du+margaux+medoc+bordeaux+france,
pavillon rouge du chateau margaux margaux nd wine of ch margaux grand cru,https://www.wine-searcher.com/find/margaux+medoc+bordeaux+france,https://www.wine-searcher.com/find/pavillon+rouge+du+margaux+medoc+bordeaux+france,
pavillon rouge du chateau margaux margaux nd wine ch margaux red wine france,https://www.wine-searcher.com/find/margaux+medoc+bordeaux+france,https://www.wine-searcher.com/find/pavillon+rouge+du+margaux+medoc+bordeaux+france,
pavillon rouge du chateau margaux margaux red bordeaux france,https://www.wine-searcher.com/find/margaux+medoc+bordeaux+france,https://www.wine-searcher.com/find/pavillon+rouge+du+margaux+medoc+bordeaux+france,
pavillon rouge du chateau margaux vin de chateau margaux margaux red wine france,https://www.wine-searcher.com/find/margaux+medoc+bordeaux+france,https://www.wine-searcher.com/find/pavillon+rouge+du+margaux+medoc+bordeaux+france,
pavillon rouge du chateau margaux margaux nd wine of chateau margaux,https://www.wine-searcher.com/find/margaux+medoc+bordeaux+france,https://www.wine-searcher.com/find/pavillon+rouge+du+margaux+medoc+bordeaux+france,
pavillon rouge de chateau margaux vintage,https://www.wine-searcher.com/find/margaux+medoc+bordeaux+france,https://www.wine-searcher.com/find/pavillon+rouge+du+margaux+medoc+bordeaux+france,
chateaux pavillon rouge second wine from chateaux margaux bordeaux france,https://www.wine-searcher.com/find/margaux+medoc+bordeaux+france,https://www.wine-searcher.com/find/pavillon+rouge+du+margaux+medoc+bordeaux+france,
pavillon rouge du chateau margaux margaux,https://www.wine-searcher.com/find/margaux+medoc+bordeaux+france,https://www.wine-searcher.com/find/pavillon+rouge+du+margaux+medoc+bordeaux+france,
pavillon rouge du chateau margaux red margaux france,https://www.wine-searcher.com/find/margaux+medoc+bordeaux+france,https://www.wine-searcher.com/find/pavillon+rouge+du+margaux+medoc+bordeaux+france,
pavillon rouge margaux mc,https://www.wine-searcher.com/find/margaux+medoc+bordeaux+france,https://www.wine-searcher.com/find/pavillon+rouge+du+margaux+medoc+bordeaux+france,
pavillon rouge du chateau margaux vintage,https://www.wine-searcher.com/find/margaux+medoc+bordeaux+france,https://www.wine-searcher.com/find/pavillon+rouge+du+margaux+medoc+bordeaux+france,
pavillon rouge du chateau margaux nd wine of chateau margaux margaux red wine france,https://www.wine-searcher.com/find/margaux+medoc+bordeaux+france,https://www.wine-searcher.com/find/pavillon+rouge+du+margaux+medoc+bordeaux+france,
pavillon rouge du chateau margaux margaux nd wine ch margaux grand cru,https://www.wine-searcher.com/find/margaux+medoc+bordeaux+france,https://www.wine-searcher.com/find/pavillon+rouge+du+margaux+medoc+bordeaux+france,
pavillon rouge du chateau margaux margaux nd wine chateau margaux grand cru,https://www.wine-searcher.com/find/margaux+medoc+bordeaux+france,https://www.wine-searcher.com/find/pavillon+rouge+du+margaux+medoc+bordeaux+france,
pavillon rouge du chateau margaux margaux red wine bordeaux france second chateau margaux,https://www.wine-searcher.com/find/margaux+medoc+bordeaux+france,https://www.wine-searcher.com/find/pavillon+rouge+du+margaux+medoc+bordeaux+france,
pavillon rouge du chateau margaux second wine from chateau margaux punkte,https://www.wine-searcher.com/find/margaux+medoc+bordeaux+france,https://www.wine-searcher.com/find/pavillon+rouge+du+margaux+medoc+bordeaux+france,
pavillon rouge du margaux margaux,https://www.wine-searcher.com/find/margaux+medoc+bordeaux+france,https://www.wine-searcher.com/find/pavillon+rouge+du+margaux+medoc+bordeaux+france,
pavillon rouge de chateau margaux margaux,https://www.wine-searcher.com/find/margaux+medoc+bordeaux+france,https://www.wine-searcher.com/find/pavillon+rouge+du+margaux+medoc+bordeaux+france,
pavillon rouge du chateau margaux margaux bordeaux red wine france,https://www.wine-searcher.com/find/margaux+medoc+bordeaux+france,https://www.wine-searcher.com/find/pavillon+rouge+du+margaux+medoc+bordeaux+france,
pavillon rouge du chateau margaux nd wine ch margaux margaux red wine france,https://www.wine-searcher.com/find/margaux+medoc+bordeaux+france,https://www.wine-searcher.com/find/pavillon+rouge+du+margaux+medoc+bordeaux+france,
pavillon rouge du chateau margaux red wine bordeaux margaux second wine of chateaux margaux,https://www.wine-searcher.com/find/margaux+medoc+bordeaux+france,https://www.wine-searcher.com/find/pavillon+rouge+du+margaux+medoc+bordeaux+france,
pavillon rouge du chateau margaux margaux nd wine of ch margaux red wine france,https://www.wine-searcher.com/find/margaux+medoc+bordeaux+france,https://www.wine-searcher.com/find/pavillon+rouge+du+margaux+medoc+bordeaux+france,
chateau pavillon rouge du chateau margaux nd wine ch margaux red wine bordeaux france,https://www.wine-searcher.com/find/margaux+medoc+bordeaux+france,https://www.wine-searcher.com/find/pavillon+rouge+du+margaux+medoc+bordeaux+france,
chateaux pavillon rouge du chateau margaux second wine of chateaux margaux,https://www.wine-searcher.com/find/margaux+medoc+bordeaux+france,https://www.wine-searcher.com/find/pavillon+rouge+du+margaux+medoc+bordeaux+france,
pavillon rouge du chateau margaux france red margaux nd wine ch margaux gcc,https://www.wine-searcher.com/find/margaux+medoc+bordeaux+france,https://www.wine-searcher.com/find/pavillon+rouge+du+margaux+medoc+bordeaux+france,
pavillon rouge du chateau margaux margaux 1 er grand cru red,https://www.wine-searcher.com/find/margaux+medoc+bordeaux+france,https://www.wine-searcher.com/find/pavillon+rouge+du+margaux+medoc+bordeaux+france,
pavillon rouge du chateau margaux red bordaux france,https://www.wine-searcher.com/find/margaux+medoc+bordeaux+france,https://www.wine-searcher.com/find/pavillon+rouge+du+margaux+medoc+bordeaux+france,
pavillon rouge du chateau margaux margaux nd wine of chateau margaux red wine france,https://www.wine-searcher.com/find/margaux+medoc+bordeaux+france,https://www.wine-searcher.com/find/pavillon+rouge+du+margaux+medoc+bordeaux+france,
pavillon rouge du chateau margaux exceptionnel vintage margaux france red,https://www.wine-searcher.com/find/margaux+medoc+bordeaux+france,https://www.wine-searcher.com/find/pavillon+rouge+du+margaux+medoc+bordeaux+france,
pavillon rouge du chateau margaux red bordeaux france nd wine ch margaux,https://www.wine-searcher.com/find/margaux+medoc+bordeaux+france,https://www.wine-searcher.com/find/pavillon+rouge+du+margaux+medoc+bordeaux+france,
pavillon blanc du chateau margaux bordeaux white wine france,https://www.wine-searcher.com/find/margaux+medoc+bordeaux+france,https://www.wine-searcher.com/find/pavillon+blanc+du+margaux+bordeaux+france,
pavillon rouge du chateau margaux margaux nd wine chateau margaux red wine france,https://www.wine-searcher.com/find/margaux+medoc+bordeaux+france,https://www.wine-searcher.com/find/pavillon+rouge+du+margaux+medoc+bordeaux+france,
pavillon rouge du chateau margaux,https://www.wine-searcher.com/find/margaux+medoc+bordeaux+france,https://www.wine-searcher.com/find/pavillon+rouge+du+margaux+medoc+bordeaux+france,
le pavillon rouge du chateau margaux nd wine of chateau margaux,https://www.wine-searcher.com/find/margaux+medoc+bordeaux+france,https://www.wine-searcher.com/find/pavillon+rouge+du+margaux+medoc+bordeaux+france,
pavillon rouge nd wine of chateau margaux,https://www.wine-searcher.com/find/margaux+medoc+bordeaux+france,https://www.wine-searcher.com/find/pavillon+rouge+du+margaux+medoc+bordeaux+france,
pavillon rouge chateau du margaux red wine region bordeaux,https://www.wine-searcher.com/find/margaux+medoc+bordeaux+france,https://www.wine-searcher.com/find/pavillon+rouge+du+margaux+medoc+bordeaux+france,
pavillon rouge of chateau margaux,https://www.wine-searcher.com/find/margaux+medoc+bordeaux+france,https://www.wine-searcher.com/find/pavillon+rouge+du+margaux+medoc+bordeaux+france,
pavillion rouge de chateau margaux margaux,https://www.wine-searcher.com/find/margaux+medoc+bordeaux+france,https://www.wine-searcher.com/find/pavillon+rouge+du+margaux+medoc+bordeaux+france,
pavillon rouge du chateau margaux nd wine chateau margaux margaux red wine france,https://www.wine-searcher.com/find/margaux+medoc+bordeaux+france,https://www.wine-searcher.com/find/pavillon+rouge+du+margaux+medoc+bordeaux+france,
pavillon blanc du chateau margaux bordeaux white wine france jancis robinson,https://www.wine-searcher.com/find/margaux+medoc+bordeaux+france,https://www.wine-searcher.com/find/pavillon+blanc+du+margaux+bordeaux+france,
pavillon rouge du chateau margaux rode wijn bordeaux frankrijk,https://www.wine-searcher.com/find/margaux+medoc+bordeaux+france,https://www.wine-searcher.com/find/pavillon+rouge+du+margaux+medoc+bordeaux+france,
pavillon rouge du chateau margaux red bordeaux france,https://www.wine-searcher.com/find/margaux+medoc+bordeaux+france,https://www.wine-searcher.com/find/pavillon+rouge+du+margaux+medoc+bordeaux+france,
pavillon rouge du chateau margaux margaux grand cru red wine france,https://www.wine-searcher.com/find/margaux+medoc+bordeaux+france,https://www.wine-searcher.com/find/pavillon+rouge+du+margaux+medoc+bordeaux+france,
pavillon rouge du chateau margaux unopened premium,https://www.wine-searcher.com/find/margaux+medoc+bordeaux+france,https://www.wine-searcher.com/find/pavillon+rouge+du+margaux+medoc+bordeaux+france,
pavillon rouge du chateau margaux margaux second wine of chateau margaux,https://www.wine-searcher.com/find/margaux+medoc+bordeaux+france,https://www.wine-searcher.com/find/pavillon+rouge+du+margaux+medoc+bordeaux+france,
pavillon rouge du chateau margaux margaux second wine of chateau margaux bordeaux,https://www.wine-searcher.com/find/margaux+medoc+bordeaux+france,https://www.wine-searcher.com/find/pavillon+rouge+du+margaux+medoc+bordeaux+france,
pavillon rouge by chateau margaux margaux,https://www.wine-searcher.com/find/margaux+medoc+bordeaux+france,https://www.wine-searcher.com/find/pavillon+rouge+du+margaux+medoc+bordeaux+france,
pavillon rouge du chateau margaux bordeaux red wine france,https://www.wine-searcher.com/find/margaux+medoc+bordeaux+france,https://www.wine-searcher.com/find/pavillon+rouge+du+margaux+medoc+bordeaux+france,
pavillon blanc du chateau margaux,https://www.wine-searcher.com/find/margaux+medoc+bordeaux+france,https://www.wine-searcher.com/find/pavillon+blanc+du+margaux+bordeaux+france,
pavillon rouge du chateau margaux red wine france,https://www.wine-searcher.com/find/margaux+medoc+bordeaux+france,https://www.wine-searcher.com/find/pavillon+rouge+du+margaux+medoc+bordeaux+france,
pavillon rouge du chateau margaux red wine bordeaux france,https://www.wine-searcher.com/find/margaux+medoc+bordeaux+france,https://www.wine-searcher.com/find/pavillon+rouge+du+margaux+medoc+bordeaux+france,
pavillon rouge du margaux,https://www.wine-searcher.com/find/margaux+medoc+bordeaux+france,https://www.wine-searcher.com/find/pavillon+rouge+du+margaux+medoc+bordeaux+france,
pavillon rouge du chateau margaux red wine bordeaux margaux france,https://www.wine-searcher.com/find/margaux+medoc+bordeaux+france,https://www.wine-searcher.com/find/pavillon+rouge+du+margaux+medoc+bordeaux+france,
chateau margaux pavillon rouge red wine france,https://www.wine-searcher.com/find/margaux+medoc+bordeaux+france,https://www.wine-searcher.com/find/pavillon+rouge+du+margaux+medoc+bordeaux+france,
pavillon rouge du chateau margaux margaux france nd wine chateau margaux garnd cru,https://www.wine-searcher.com/find/margaux+medoc+bordeaux+france,https://www.wine-searcher.com/find/pavillon+rouge+du+margaux+medoc+bordeaux+france,
chateau margaux pavillon rouge bordeaux red wine france,https://www.wine-searcher.com/find/margaux+medoc+bordeaux+france,https://www.wine-searcher.com/find/pavillon+rouge+du+margaux+medoc+bordeaux+france,
chateau margaux pavillon rouge red wine bordeaux france,https://www.wine-searcher.com/find/margaux+medoc+bordeaux+france,https://www.wine-searcher.com/find/pavillon+rouge+du+margaux+medoc+bordeaux+france,
chateau margaux pavillon rouge vintage,https://www.wine-searcher.com/find/margaux+medoc+bordeaux+france,https://www.wine-searcher.com/find/pavillon+rouge+du+margaux+medoc+bordeaux+france,
chateau mouton baronne,https://www.wine-searcher.com/find/mouton+rothschild+pauillac+medoc+bordeaux+france,https://www.wine-searcher.com/find/baron+philip+de+rothschild+d+armailhac+pauillac+medoc+bordeaux+france,
mouton cadet rothschild pauillac,https://www.wine-searcher.com/find/mouton+rothschild+pauillac+medoc+bordeaux+france,https://www.wine-searcher.com/find/baron+philip+de+rothschild+mouton+cadet+rsrv+pauillac+medoc+bordeaux+france,
grand echezeaux domaine de thena,https://www.wine-searcher.com/find/dom+de+la+romanee+conti+grand+cru+cote+nuit+echezeaux+flagey+burgundy+france,https://www.wine-searcher.com/find/dom+baron+thenard+grand+cru+grands+echezeaux+flagey+cote+de+nuit+burgundy+france,
romanee saint vivant grand cru charles de valliere,https://www.wine-searcher.com/find/dom+de+la+romanee+conti+st+vivant+grand+cru+cote+nuit+vosne+burgundy+france,https://www.wine-searcher.com/find/charles+de+valiere+grand+cru+cote+nuit+romanee+st+vivant+vosne+burgundy+france,
romanee saint vivant grand cru paul reitz,https://www.wine-searcher.com/find/dom+de+la+romanee+conti+st+vivant+grand+cru+cote+nuit+vosne+burgundy+france,https://www.wine-searcher.com/find/maison+paul+reitz+grand+cru+romanee+st+vivant+vosne+cote+de+nuit+burgundy+france,
romanee saint vivant grand cru m voarick,https://www.wine-searcher.com/find/dom+de+la+romanee+conti+st+vivant+grand+cru+cote+nuit+vosne+burgundy+france,https://www.wine-searcher.com/find/dom+michel+voarick+grand+cru+romanee+st+vivant+vosne+cote+de+nuit+burgundy+france,
pauillac de latour pauillac mc,https://www.wine-searcher.com/find/latour+pauillac+medoc+bordeaux+france,https://www.wine-searcher.com/find/latour+le+de+pauillac+medoc+bordeaux+france,
chateau latour pauillac st label details,https://www.wine-searcher.com/find/latour+le+de+pauillac+medoc+bordeaux+france,https://www.wine-searcher.com/find/latour+pauillac+medoc+bordeaux+france,
chateau latour pauillac rouge,https://www.wine-searcher.com/find/latour+le+de+pauillac+medoc+bordeaux+france,https://www.wine-searcher.com/find/latour+pauillac+medoc+bordeaux+france,
chateau laville haut brion pessac leognan,https://www.wine-searcher.com/find/haut+brion+pessac+leognan+bordeaux+france,https://www.wine-searcher.com/find/la+mission+haut+brion+blanc+pessac+leognan+bordeaux+france,
dom perignon champagne rose champagne france,https://www.wine-searcher.com/find/dom+perignon+oenotheque+rose+champagne+france,https://www.wine-searcher.com/find/dom+perignon+rose+champagne+france,
dom perignon rose champagne vintage champagne rose france,https://www.wine-searcher.com/find/dom+perignon+oenotheque+rose+champagne+france,https://www.wine-searcher.com/find/dom+perignon+rose+champagne+france,
dom perignon rose vintage champagne brut champagne france,https://www.wine-searcher.com/find/dom+perignon+p+two+plenitude+brut+rose+champagne+france,https://www.wine-searcher.com/find/dom+perignon+rose+champagne+france,
dom perignon rose champagne brut rose champagne france,https://www.wine-searcher.com/find/dom+perignon+p+two+plenitude+brut+rose+champagne+france,https://www.wine-searcher.com/find/dom+perignon+rose+champagne+france,
dom perignon rose brut champagne france,https://www.wine-searcher.com/find/dom+perignon+p+two+plenitude+brut+rose+champagne+france,https://www.wine-searcher.com/find/dom+perignon+rose+champagne+france,
dom perignon rose champagne brut vintage champagne rose france,https://www.wine-searcher.com/find/dom+perignon+p+two+plenitude+brut+rose+champagne+france,https://www.wine-searcher.com/find/dom+perignon+rose+champagne+france,
dom perignon 's rose brut rose champagne champagne france,https://www.wine-searcher.com/find/dom+perignon+p+two+plenitude+brut+rose+champagne+france,https://www.wine-searcher.com/find/dom+perignon+rose+champagne+france,
dom perignon rose champagne brut champagne france,https://www.wine-searcher.com/find/dom+perignon+p+two+plenitude+brut+rose+champagne+france,https://www.wine-searcher.com/find/dom+perignon+rose+champagne+france,
clos de vougeot grand cru simon,https://www.wine-searcher.com/find/dom+leroy+grand+cru+cote+nuit+clos+de+vougeot+burgundy+france,https://www.wine-searcher.com/find/dom+j+m+simon+grand+cru+cote+nuit+clos+de+vougeot+burgundy+france,
clos de vougeot domaine rebour,https://www.wine-searcher.com/find/dom+leroy+grand+cru+cote+nuit+clos+de+vougeot+burgundy+france,https://www.wine-searcher.com/find/dom+henri+rebourseau+grand+cru+cote+nuit+clos+de+vougeot+burgundy+france,
corton les renardes grand cru charles de valliere,https://www.wine-searcher.com/find/dom+leroy+corton+renardes+grand+cru+les+cote+de+beaune+burgundy+france,None,
corton renardes grand cru maillard,https://www.wine-searcher.com/find/dom+leroy+corton+renardes+grand+cru+les+cote+de+beaune+burgundy+france,https://www.wine-searcher.com/find/dom+maillard+pere+corton+renardes+grand+cru+les+cote+de+beaune+burgundy+france,
corton renardes grand cru b colin,https://www.wine-searcher.com/find/dom+leroy+corton+renardes+grand+cru+les+cote+de+beaune+burgundy+france,None,
corton renardes grand cru lahaye,https://www.wine-searcher.com/find/dom+leroy+corton+renardes+grand+cru+les+cote+de+beaune+burgundy+france,https://www.wine-searcher.com/find/dom+lahaye+grand+cru+corton+les+renardes+cote+de+beaune+burgundy+france,
corton les renardes grand cru michel mallard,https://www.wine-searcher.com/find/dom+leroy+corton+renardes+grand+cru+les+cote+de+beaune+burgundy+france,https://www.wine-searcher.com/find/dom+michel+mallard+grand+cru+corton+les+renardes+cote+de+beaune+burgundy+france,
hermitage la petite chapelle paul jaboulet aine rhone red wine france,https://www.wine-searcher.com/find/paul+jaboulet+aine+la+chapelle+hermitage+rhone+france,https://www.wine-searcher.com/find/paul+jaboulet+aine+la+petit+chapelle+maison+blue+hermitage+rhone+france,
paul jaboulet aine hermitage la petite chapelle of the paul jaboulet,https://www.wine-searcher.com/find/paul+jaboulet+aine+la+chapelle+hermitage+rhone+france,https://www.wine-searcher.com/find/paul+jaboulet+aine+la+petit+chapelle+maison+blue+hermitage+rhone+france,
hermitage la petite chapelle paul jaboulet aine red wine rhone france,https://www.wine-searcher.com/find/paul+jaboulet+aine+la+chapelle+hermitage+rhone+france,https://www.wine-searcher.com/find/paul+jaboulet+aine+la+petit+chapelle+maison+blue+hermitage+rhone+france,
hermitage la petite chapelle paul jaboulet aine rhone france,https://www.wine-searcher.com/find/paul+jaboulet+aine+la+chapelle+hermitage+rhone+france,https://www.wine-searcher.com/find/paul+jaboulet+aine+la+petit+chapelle+maison+blue+hermitage+rhone+france,
maison paul jaboulet aine hermitage la chapelle,https://www.wine-searcher.com/find/paul+jaboulet+aine+la+petit+chapelle+maison+blue+hermitage+rhone+france,https://www.wine-searcher.com/find/paul+jaboulet+aine+la+chapelle+hermitage+rhone+france,
teso la monja toro red wine spain,https://www.wine-searcher.com/find/teso+la+monja+victorinox+toro+castilla+y+leon+spain,None,
clos de la roche domaine clos noir grand cru batacchi,https://www.wine-searcher.com/find/dom+dujac+grand+cru+cote+nuit+clos+de+la+roche+morey+st+denis+burgundy+france,https://www.wine-searcher.com/find/philip+batacchi+grand+cru+cote+nuit+clos+de+la+roche+morey+st+denis+burgundy+france,
clos de la roche grand cru des forges,https://www.wine-searcher.com/find/dom+dujac+grand+cru+cote+nuit+clos+de+la+roche+morey+st+denis+burgundy+france,None,
clos de la roche grand cru simon,https://www.wine-searcher.com/find/dom+dujac+grand+cru+cote+nuit+clos+de+la+roche+morey+st+denis+burgundy+france,https://www.wine-searcher.com/find/dom+j+m+simon+grand+cru+cote+nuit+clos+de+la+roche+morey+st+denis+burgundy+france,
clos de la roche grand cru g grandvigne,https://www.wine-searcher.com/find/dom+dujac+grand+cru+cote+nuit+clos+de+la+roche+morey+st+denis+burgundy+france,https://www.wine-searcher.com/find/dom+ponsot+grand+cru+cuvee+vieilles+vigne+cote+nuit+clos+de+la+roche+morey+st+denis+burgundy+france,
clos de la roche grand cru andre goichot red wine bourgogne france,https://www.wine-searcher.com/find/dom+dujac+grand+cru+cote+nuit+clos+de+la+roche+morey+st+denis+burgundy+france,None,
domaine du roi mtc clos saint denis,https://www.wine-searcher.com/find/dom+dujac+grand+cru+clos+st+denis+morey+cote+de+nuit+burgundy+france,https://www.wine-searcher.com/find/dom+du+roi+grand+cru+clos+st+denis+morey+cote+de+nuit+burgundy+france,
montrachet domaine leflaive,https://www.wine-searcher.com/find/dom+leflaive+grand+cru+batard+montrachet+puligny+cote+de+beaune+burgundy+france,https://www.wine-searcher.com/find/dom+leflaive+montrachet+grand+cru+le+puligny+cote+de+beaune+burgundy+france,
sassicaia tenuta san guido toscana igt red wine italy,https://www.wine-searcher.com/find/tenute+st+guido+alberto+tuscany+igp+italy,https://www.wine-searcher.com/find/tenute+st+guido+sassicaia+bolgheri+tuscany+italy,
tenuta san guido sassicaia toscana igt,https://www.wine-searcher.com/find/tenute+st+guido+alberto+tuscany+igp+italy,https://www.wine-searcher.com/find/tenute+st+guido+sassicaia+bolgheri+tuscany+italy,
tenuta san guido sassicaia toscana igt red wine italy,https://www.wine-searcher.com/find/tenute+st+guido+alberto+tuscany+igp+italy,https://www.wine-searcher.com/find/tenute+st+guido+sassicaia+bolgheri+tuscany+italy,
